x-axis,1,2,MATH
second,Volt,Volt,Volt
-2.685000E-03,+687.500000E-03,+6.520155907E+00,+5.825550079E+00
-2.680000E-03,+687.500000E-03,+6.539687157E+00,+5.837268829E+00
-2.675000E-03,+687.500000E-03,+6.549452782E+00,+5.852893829E+00
-2.670000E-03,+687.500000E-03,+6.559218407E+00,+5.864612579E+00
-2.665000E-03,+687.500000E-03,+6.578749657E+00,+5.880237579E+00
-2.660000E-03,+687.500000E-03,+6.588515282E+00,+5.891956329E+00
-2.655000E-03,+687.500000E-03,+6.608046532E+00,+5.907581329E+00
-2.650000E-03,+687.500000E-03,+6.617812157E+00,+5.919300079E+00
-2.645000E-03,+687.500000E-03,+6.637343407E+00,+5.938831329E+00
-2.640000E-03,+687.500000E-03,+6.647109032E+00,+5.950550079E+00
-2.635000E-03,+691.406250E-03,+6.666640282E+00,+5.970081329E+00
-2.630000E-03,+691.406250E-03,+6.686171532E+00,+5.985706329E+00
-2.625000E-03,+687.500000E-03,+6.705702782E+00,+6.005237579E+00
-2.620000E-03,+687.500000E-03,+6.715468407E+00,+6.020862579E+00
-2.615000E-03,+691.406250E-03,+6.734999657E+00,+6.036487579E+00
-2.610000E-03,+691.406250E-03,+6.754530907E+00,+6.052112579E+00
-2.605000E-03,+691.406250E-03,+6.764296532E+00,+6.067737579E+00
-2.600000E-03,+691.406250E-03,+6.783827782E+00,+6.087268829E+00
-2.595000E-03,+691.406250E-03,+6.803359032E+00,+6.098987579E+00
-2.590000E-03,+691.406250E-03,+6.813124657E+00,+6.118518829E+00
-2.585000E-03,+691.406250E-03,+6.832655907E+00,+6.134143829E+00
-2.580000E-03,+691.406250E-03,+6.852187157E+00,+6.153675079E+00
-2.575000E-03,+691.406250E-03,+6.871718407E+00,+6.169300079E+00
-2.570000E-03,+691.406250E-03,+6.891249657E+00,+6.188831329E+00
-2.565000E-03,+691.406250E-03,+6.901015282E+00,+6.204456329E+00
-2.560000E-03,+691.406250E-03,+6.920546532E+00,+6.223987579E+00
-2.555000E-03,+691.406250E-03,+6.940077782E+00,+6.243518829E+00
-2.550000E-03,+691.406250E-03,+6.959609032E+00,+6.259143829E+00
-2.545000E-03,+691.406250E-03,+6.979140282E+00,+6.278675079E+00
-2.540000E-03,+691.406250E-03,+6.998671532E+00,+6.294300079E+00
-2.535000E-03,+691.406250E-03,+7.008437157E+00,+6.313831329E+00
-2.530000E-03,+691.406250E-03,+7.027968407E+00,+6.329456329E+00
-2.525000E-03,+691.406250E-03,+7.047499657E+00,+6.341175079E+00
-2.520000E-03,+691.406250E-03,+7.057265282E+00,+6.356800079E+00
-2.515000E-03,+691.406250E-03,+7.076796532E+00,+6.372425079E+00
-2.510000E-03,+691.406250E-03,+7.086562157E+00,+6.388050079E+00
-2.505000E-03,+691.406250E-03,+7.096327782E+00,+6.399768829E+00
-2.500000E-03,+691.406250E-03,+7.115859032E+00,+6.415393829E+00
-2.495000E-03,+691.406250E-03,+7.135390282E+00,+6.431018829E+00
-2.490000E-03,+691.406250E-03,+7.145155907E+00,+6.446643829E+00
-2.485000E-03,+691.406250E-03,+7.164687157E+00,+6.466175079E+00
-2.480000E-03,+695.312500E-03,+7.184218407E+00,+6.481800079E+00
-2.475000E-03,+691.406250E-03,+7.203749657E+00,+6.497425079E+00
-2.470000E-03,+695.312500E-03,+7.213515282E+00,+6.513050079E+00
-2.465000E-03,+695.312500E-03,+7.233046532E+00,+6.528675079E+00
-2.460000E-03,+695.312500E-03,+7.252577782E+00,+6.548206329E+00
-2.455000E-03,+695.312500E-03,+7.272109032E+00,+6.567737579E+00
-2.450000E-03,+695.312500E-03,+7.281874657E+00,+6.583362579E+00
-2.445000E-03,+695.312500E-03,+7.301405907E+00,+6.598987579E+00
-2.440000E-03,+695.312500E-03,+7.320937157E+00,+6.618518829E+00
-2.435000E-03,+695.312500E-03,+7.340468407E+00,+6.634143829E+00
-2.430000E-03,+695.312500E-03,+7.350234032E+00,+6.649768829E+00
-2.425000E-03,+695.312500E-03,+7.369765282E+00,+6.661487579E+00
-2.420000E-03,+695.312500E-03,+7.379530907E+00,+6.677112579E+00
-2.415000E-03,+695.312500E-03,+7.399062157E+00,+6.692737579E+00
-2.410000E-03,+695.312500E-03,+7.418593407E+00,+6.708362579E+00
-2.405000E-03,+695.312500E-03,+7.428359032E+00,+6.727893829E+00
-2.400000E-03,+695.312500E-03,+7.447890282E+00,+6.739612579E+00
-2.395000E-03,+695.312500E-03,+7.457655907E+00,+6.759143829E+00
-2.390000E-03,+695.312500E-03,+7.477187157E+00,+6.774768829E+00
-2.385000E-03,+695.312500E-03,+7.496718407E+00,+6.790393829E+00
-2.380000E-03,+695.312500E-03,+7.506484032E+00,+6.806018829E+00
-2.375000E-03,+695.312500E-03,+7.526015282E+00,+6.817737579E+00
-2.370000E-03,+695.312500E-03,+7.535780907E+00,+6.837268829E+00
-2.365000E-03,+695.312500E-03,+7.555312157E+00,+6.848987579E+00
-2.360000E-03,+695.312500E-03,+7.574843407E+00,+6.868518829E+00
-2.355000E-03,+695.312500E-03,+7.584609032E+00,+6.884143829E+00
-2.350000E-03,+695.312500E-03,+7.604140282E+00,+6.899768829E+00
-2.345000E-03,+695.312500E-03,+7.623671532E+00,+6.919300079E+00
-2.340000E-03,+695.312500E-03,+7.643202782E+00,+6.934925079E+00
-2.335000E-03,+695.312500E-03,+7.662734032E+00,+6.954456329E+00
-2.330000E-03,+695.312500E-03,+7.672499657E+00,+6.970081329E+00
-2.325000E-03,+695.312500E-03,+7.692030907E+00,+6.985706329E+00
-2.320000E-03,+695.312500E-03,+7.711562157E+00,+7.001331329E+00
-2.315000E-03,+695.312500E-03,+7.721327782E+00,+7.020862579E+00
-2.310000E-03,+695.312500E-03,+7.740859032E+00,+7.036487579E+00
-2.305000E-03,+699.218750E-03,+7.760390282E+00,+7.056018829E+00
-2.300000E-03,+699.218750E-03,+7.779921532E+00,+7.071643829E+00
-2.295000E-03,+699.218750E-03,+7.799452782E+00,+7.087268829E+00
-2.290000E-03,+699.218750E-03,+7.809218407E+00,+7.106800079E+00
-2.285000E-03,+699.218750E-03,+7.828749657E+00,+7.118518829E+00
-2.280000E-03,+695.312500E-03,+7.838515282E+00,+7.138050079E+00
-2.275000E-03,+699.218750E-03,+7.858046532E+00,+7.149768829E+00
-2.270000E-03,+695.312500E-03,+7.867812157E+00,+7.165393829E+00
-2.265000E-03,+699.218750E-03,+7.887343407E+00,+7.181018829E+00
-2.260000E-03,+699.218750E-03,+7.906874657E+00,+7.196643829E+00
-2.255000E-03,+699.218750E-03,+7.916640282E+00,+7.212268829E+00
-2.250000E-03,+699.218750E-03,+7.936171532E+00,+7.231800079E+00
-2.245000E-03,+699.218750E-03,+7.955702782E+00,+7.251331329E+00
-2.240000E-03,+699.218750E-03,+7.975234032E+00,+7.270862579E+00
-2.235000E-03,+699.218750E-03,+7.994765282E+00,+7.290393829E+00
-2.230000E-03,+699.218750E-03,+8.014296532E+00,+7.306018829E+00
-2.225000E-03,+699.218750E-03,+8.033827782E+00,+7.325550079E+00
-2.220000E-03,+699.218750E-03,+8.053359032E+00,+7.345081329E+00
-2.215000E-03,+699.218750E-03,+8.072890282E+00,+7.364612579E+00
-2.210000E-03,+699.218750E-03,+8.092421532E+00,+7.384143829E+00
-2.205000E-03,+699.218750E-03,+8.111952782E+00,+7.399768829E+00
-2.200000E-03,+699.218750E-03,+8.121718407E+00,+7.415393829E+00
-2.195000E-03,+699.218750E-03,+8.141249657E+00,+7.434925079E+00
-2.190000E-03,+699.218750E-03,+8.151015282E+00,+7.446643829E+00
-2.185000E-03,+699.218750E-03,+8.170546532E+00,+7.462268829E+00
-2.180000E-03,+699.218750E-03,+8.180312157E+00,+7.473987579E+00
-2.175000E-03,+699.218750E-03,+8.199843407E+00,+7.493518829E+00
-2.170000E-03,+699.218750E-03,+8.219374657E+00,+7.509143829E+00
-2.165000E-03,+699.218750E-03,+8.229140282E+00,+7.524768829E+00
-2.160000E-03,+699.218750E-03,+8.248671532E+00,+7.540393829E+00
-2.155000E-03,+699.218750E-03,+8.268202782E+00,+7.559925079E+00
-2.150000E-03,+699.218750E-03,+8.287734032E+00,+7.579456329E+00
-2.145000E-03,+699.218750E-03,+8.297499657E+00,+7.591175079E+00
-2.140000E-03,+699.218750E-03,+8.317030907E+00,+7.610706329E+00
-2.135000E-03,+699.218750E-03,+8.336562157E+00,+7.626331329E+00
-2.130000E-03,+699.218750E-03,+8.356093407E+00,+7.649768829E+00
-2.125000E-03,+699.218750E-03,+8.375624657E+00,+7.661487579E+00
-2.120000E-03,+699.218750E-03,+8.395155907E+00,+7.681018829E+00
-2.115000E-03,+699.218750E-03,+8.404921532E+00,+7.700550079E+00
-2.110000E-03,+699.218750E-03,+8.424452782E+00,+7.716175079E+00
-2.105000E-03,+699.218750E-03,+8.443984032E+00,+7.731800079E+00
-2.100000E-03,+699.218750E-03,+8.453749657E+00,+7.743518829E+00
-2.095000E-03,+699.218750E-03,+8.473280907E+00,+7.759143829E+00
-2.090000E-03,+703.125000E-03,+8.483046532E+00,+7.770862579E+00
-2.085000E-03,+699.218750E-03,+8.492812157E+00,+7.782581329E+00
-2.080000E-03,+699.218750E-03,+8.512343407E+00,+7.798206329E+00
-2.075000E-03,-246.093750E-03,+5.211562157E+00,+5.454456329E+00
-2.070000E-03,-2.468750000E+00,-1.468125343E+00,+997.425079E-03
-2.065000E-03,-2.886718750E+00,-2.757187843E+00,+118.518829E-03
-2.060000E-03,-2.957031250E+00,-2.962265968E+00,-6.481171E-03
-2.055000E-03,-2.945312500E+00,-2.952500343E+00,-10.387421E-03
-2.050000E-03,-2.933593750E+00,-2.942734718E+00,-10.387421E-03
-2.045000E-03,-2.925781250E+00,-2.932969093E+00,-14.293671E-03
-2.040000E-03,-2.910156250E+00,-2.923203468E+00,-18.199921E-03
-2.035000E-03,-2.894531250E+00,-2.913437843E+00,-22.106171E-03
-2.030000E-03,-2.882812500E+00,-2.903672218E+00,-22.106171E-03
-2.025000E-03,-2.867187500E+00,-2.884140968E+00,-22.106171E-03
-2.020000E-03,-2.851562500E+00,-2.864609718E+00,-22.106171E-03
-2.015000E-03,-2.835937500E+00,-2.854844093E+00,-26.012421E-03
-2.010000E-03,-2.820312500E+00,-2.835312843E+00,-22.106171E-03
-2.005000E-03,-2.804687500E+00,-2.825547218E+00,-22.106171E-03
-2.000000E-03,-2.789062500E+00,-2.806015968E+00,-26.012421E-03
-1.995000E-03,-2.769531250E+00,-2.796250343E+00,-29.918671E-03
-1.990000E-03,-2.753906250E+00,-2.776719093E+00,-29.918671E-03
-1.985000E-03,-2.738281250E+00,-2.766953468E+00,-29.918671E-03
-1.980000E-03,-2.722656250E+00,-2.747422218E+00,-33.824921E-03
-1.975000E-03,-2.703125000E+00,-2.737656593E+00,-37.731171E-03
-1.970000E-03,-2.687500000E+00,-2.718125343E+00,-37.731171E-03
-1.965000E-03,-2.667968750E+00,-2.698594093E+00,-33.824921E-03
-1.960000E-03,-2.648437500E+00,-2.679062843E+00,-41.637421E-03
-1.955000E-03,-2.632812500E+00,-2.669297218E+00,-41.637421E-03
-1.950000E-03,-2.613281250E+00,-2.649765968E+00,-37.731171E-03
-1.945000E-03,-2.597656250E+00,-2.640000343E+00,-41.637421E-03
-1.940000E-03,-2.582031250E+00,-2.620469093E+00,-45.543671E-03
-1.935000E-03,-2.562500000E+00,-2.600937843E+00,-45.543671E-03
-1.930000E-03,-2.546875000E+00,-2.581406593E+00,-45.543671E-03
-1.925000E-03,-2.527343750E+00,-2.571640968E+00,-49.449921E-03
-1.920000E-03,-2.511718750E+00,-2.552109718E+00,-49.449921E-03
-1.915000E-03,-2.492187500E+00,-2.532578468E+00,-45.543671E-03
-1.910000E-03,-2.472656250E+00,-2.513047218E+00,-49.449921E-03
-1.905000E-03,-2.457031250E+00,-2.503281593E+00,-49.449921E-03
-1.900000E-03,-2.441406250E+00,-2.483750343E+00,-49.449921E-03
-1.895000E-03,-2.421875000E+00,-2.473984718E+00,-57.262421E-03
-1.890000E-03,-2.406250000E+00,-2.454453468E+00,-57.262421E-03
-1.885000E-03,-2.386718750E+00,-2.444687843E+00,-57.262421E-03
-1.880000E-03,-2.371093750E+00,-2.425156593E+00,-61.168671E-03
-1.875000E-03,-2.355468750E+00,-2.405625343E+00,-57.262421E-03
-1.870000E-03,-2.339843750E+00,-2.395859718E+00,-57.262421E-03
-1.865000E-03,-2.320312500E+00,-2.376328468E+00,-57.262421E-03
-1.860000E-03,-2.304687500E+00,-2.356797218E+00,-53.356171E-03
-1.855000E-03,-2.289062500E+00,-2.337265968E+00,-49.449921E-03
-1.850000E-03,-2.273437500E+00,-2.317734718E+00,-45.543671E-03
-1.845000E-03,-2.253906250E+00,-2.298203468E+00,-45.543671E-03
-1.840000E-03,-2.238281250E+00,-2.278672218E+00,-45.543671E-03
-1.835000E-03,-2.222656250E+00,-2.268906593E+00,-45.543671E-03
-1.830000E-03,-2.207031250E+00,-2.249375343E+00,-45.543671E-03
-1.825000E-03,-2.187500000E+00,-2.229844093E+00,-45.543671E-03
-1.820000E-03,-2.171875000E+00,-2.210312843E+00,-45.543671E-03
-1.815000E-03,-2.152343750E+00,-2.190781593E+00,-45.543671E-03
-1.810000E-03,-2.140625000E+00,-2.181015968E+00,-41.637421E-03
-1.805000E-03,-2.125000000E+00,-2.161484718E+00,-41.637421E-03
-1.800000E-03,-2.105468750E+00,-2.141953468E+00,-45.543671E-03
-1.795000E-03,-2.089843750E+00,-2.132187843E+00,-45.543671E-03
-1.790000E-03,-2.070312500E+00,-2.112656593E+00,-45.543671E-03
-1.785000E-03,-2.054687500E+00,-2.093125343E+00,-45.543671E-03
-1.780000E-03,-2.039062500E+00,-2.073594093E+00,-41.637421E-03
-1.775000E-03,-2.023437500E+00,-2.054062843E+00,-41.637421E-03
-1.770000E-03,-2.007812500E+00,-2.044297218E+00,-37.731171E-03
-1.765000E-03,-1.992187500E+00,-2.024765968E+00,-37.731171E-03
-1.760000E-03,-1.976562500E+00,-2.005234718E+00,-37.731171E-03
-1.755000E-03,-1.960937500E+00,-1.995469093E+00,-37.731171E-03
-1.750000E-03,-1.941406250E+00,-1.975937843E+00,-41.637421E-03
-1.745000E-03,-1.925781250E+00,-1.966172218E+00,-41.637421E-03
-1.740000E-03,-1.906250000E+00,-1.946640968E+00,-41.637421E-03
-1.735000E-03,-1.890625000E+00,-1.927109718E+00,-37.731171E-03
-1.730000E-03,-1.875000000E+00,-1.907578468E+00,-37.731171E-03
-1.725000E-03,-1.859375000E+00,-1.897812843E+00,-41.637421E-03
-1.720000E-03,-1.843750000E+00,-1.878281593E+00,-41.637421E-03
-1.715000E-03,-1.828125000E+00,-1.868515968E+00,-45.543671E-03
-1.710000E-03,-1.812500000E+00,-1.848984718E+00,-45.543671E-03
-1.705000E-03,-1.796875000E+00,-1.839219093E+00,-45.543671E-03
-1.700000E-03,-1.781250000E+00,-1.819687843E+00,-45.543671E-03
-1.695000E-03,-1.761718750E+00,-1.809922218E+00,-49.449921E-03
-1.690000E-03,-1.746093750E+00,-1.790390968E+00,-49.449921E-03
-1.685000E-03,-1.730468750E+00,-1.770859718E+00,-49.449921E-03
-1.680000E-03,-1.710937500E+00,-1.761094093E+00,-49.449921E-03
-1.675000E-03,-1.695312500E+00,-1.731797218E+00,-45.543671E-03
-1.670000E-03,-1.675781250E+00,-1.722031593E+00,-49.449921E-03
-1.665000E-03,-1.656250000E+00,-1.702500343E+00,-49.449921E-03
-1.660000E-03,-1.640625000E+00,-1.682969093E+00,-49.449921E-03
-1.655000E-03,-1.625000000E+00,-1.663437843E+00,-49.449921E-03
-1.650000E-03,-1.609375000E+00,-1.653672218E+00,-45.543671E-03
-1.645000E-03,-1.589843750E+00,-1.624375343E+00,-41.637421E-03
-1.640000E-03,-1.574218750E+00,-1.604844093E+00,-41.637421E-03
-1.635000E-03,-1.558593750E+00,-1.585312843E+00,-33.824921E-03
-1.630000E-03,-1.542968750E+00,-1.575547218E+00,-33.824921E-03
-1.625000E-03,-1.523437500E+00,-1.556015968E+00,-37.731171E-03
-1.620000E-03,-1.507812500E+00,-1.546250343E+00,-41.637421E-03
-1.615000E-03,-1.488281250E+00,-1.526719093E+00,-45.543671E-03
-1.610000E-03,-1.472656250E+00,-1.516953468E+00,-45.543671E-03
-1.605000E-03,-1.457031250E+00,-1.497422218E+00,-45.543671E-03
-1.600000E-03,-1.441406250E+00,-1.477890968E+00,-41.637421E-03
-1.595000E-03,-1.425781250E+00,-1.458359718E+00,-37.731171E-03
-1.590000E-03,-1.406250000E+00,-1.438828468E+00,-37.731171E-03
-1.585000E-03,-1.390625000E+00,-1.419297218E+00,-37.731171E-03
-1.580000E-03,-1.375000000E+00,-1.409531593E+00,-37.731171E-03
-1.575000E-03,-1.359375000E+00,-1.390000343E+00,-33.824921E-03
-1.570000E-03,-1.339843750E+00,-1.370469093E+00,-29.918671E-03
-1.565000E-03,-1.324218750E+00,-1.350937843E+00,-33.824921E-03
-1.560000E-03,-1.308593750E+00,-1.341172218E+00,-33.824921E-03
-1.555000E-03,-1.292968750E+00,-1.321640968E+00,-33.824921E-03
-1.550000E-03,-1.273437500E+00,-1.302109718E+00,-33.824921E-03
-1.545000E-03,-1.257812500E+00,-1.282578468E+00,-33.824921E-03
-1.540000E-03,-1.242187500E+00,-1.272812843E+00,-33.824921E-03
-1.535000E-03,-1.222656250E+00,-1.253281593E+00,-37.731171E-03
-1.530000E-03,-1.207031250E+00,-1.243515968E+00,-37.731171E-03
-1.525000E-03,-1.191406250E+00,-1.223984718E+00,-41.637421E-03
-1.520000E-03,-1.175781250E+00,-1.214219093E+00,-37.731171E-03
-1.515000E-03,-1.160156250E+00,-1.194687843E+00,-37.731171E-03
-1.510000E-03,-1.144531250E+00,-1.175156593E+00,-41.637421E-03
-1.505000E-03,-1.125000000E+00,-1.165390968E+00,-41.637421E-03
-1.500000E-03,-1.109375000E+00,-1.145859718E+00,-37.731171E-03
-1.495000E-03,-1.093750000E+00,-1.126328468E+00,-33.824921E-03
-1.490000E-03,-1.074218750E+00,-1.106797218E+00,-37.731171E-03
-1.485000E-03,-1.058593750E+00,-1.087265968E+00,-37.731171E-03
-1.480000E-03,-1.042968750E+00,-1.077500343E+00,-37.731171E-03
-1.475000E-03,-1.023437500E+00,-1.057969093E+00,-41.637421E-03
-1.470000E-03,-1.007812500E+00,-1.038437843E+00,-41.637421E-03
-1.465000E-03,-992.187500E-03,-1.028672218E+00,-41.637421E-03
-1.460000E-03,-972.656250E-03,-1.009140968E+00,-41.637421E-03
-1.455000E-03,-957.031250E-03,-989.609718E-03,-41.637421E-03
-1.450000E-03,-937.500000E-03,-979.844093E-03,-45.543671E-03
-1.445000E-03,-917.968750E-03,-960.312843E-03,-45.543671E-03
-1.440000E-03,-902.343750E-03,-940.781593E-03,-49.449921E-03
-1.435000E-03,-886.718750E-03,-931.015968E-03,-49.449921E-03
-1.430000E-03,-871.093750E-03,-911.484718E-03,-45.543671E-03
-1.425000E-03,-855.468750E-03,-901.719093E-03,-49.449921E-03
-1.420000E-03,-835.937500E-03,-882.187843E-03,-53.356171E-03
-1.415000E-03,-820.312500E-03,-862.656593E-03,-49.449921E-03
-1.410000E-03,-800.781250E-03,-843.125343E-03,-49.449921E-03
-1.405000E-03,-785.156250E-03,-833.359718E-03,-49.449921E-03
-1.400000E-03,-765.625000E-03,-813.828468E-03,-53.356171E-03
-1.395000E-03,-750.000000E-03,-794.297218E-03,-49.449921E-03
-1.390000E-03,-730.468750E-03,-774.765968E-03,-53.356171E-03
-1.385000E-03,-714.843750E-03,-765.000343E-03,-53.356171E-03
-1.380000E-03,-695.312500E-03,-745.469093E-03,-53.356171E-03
-1.375000E-03,-679.687500E-03,-735.703468E-03,-57.262421E-03
-1.370000E-03,-660.156250E-03,-716.172218E-03,-57.262421E-03
-1.365000E-03,-644.531250E-03,-696.640968E-03,-57.262421E-03
-1.360000E-03,-628.906250E-03,-677.109718E-03,-53.356171E-03
-1.355000E-03,-613.281250E-03,-657.578468E-03,-49.449921E-03
-1.350000E-03,-597.656250E-03,-647.812843E-03,-53.356171E-03
-1.345000E-03,-582.031250E-03,-628.281593E-03,-49.449921E-03
-1.340000E-03,-566.406250E-03,-608.750343E-03,-49.449921E-03
-1.335000E-03,-550.781250E-03,-598.984718E-03,-49.449921E-03
-1.330000E-03,-535.156250E-03,-579.453468E-03,-49.449921E-03
-1.325000E-03,-515.625000E-03,-559.922218E-03,-53.356171E-03
-1.320000E-03,-500.000000E-03,-540.390968E-03,-49.449921E-03
-1.315000E-03,-484.375000E-03,-530.625343E-03,-49.449921E-03
-1.310000E-03,-464.843750E-03,-511.094093E-03,-49.449921E-03
-1.305000E-03,-449.218750E-03,-491.562843E-03,-45.543671E-03
-1.300000E-03,-433.593750E-03,-472.031593E-03,-45.543671E-03
-1.295000E-03,-417.968750E-03,-462.265968E-03,-45.543671E-03
-1.290000E-03,-398.437500E-03,-442.734718E-03,-49.449921E-03
-1.285000E-03,-382.812500E-03,-423.203468E-03,-49.449921E-03
-1.280000E-03,-363.281250E-03,-413.437843E-03,-49.449921E-03
-1.275000E-03,-347.656250E-03,-393.906593E-03,-53.356171E-03
-1.270000E-03,-328.125000E-03,-374.375343E-03,-53.356171E-03
-1.265000E-03,-312.500000E-03,-354.844093E-03,-53.356171E-03
-1.260000E-03,-296.875000E-03,-345.078468E-03,-53.356171E-03
-1.255000E-03,-277.343750E-03,-325.547218E-03,-53.356171E-03
-1.250000E-03,-261.718750E-03,-306.015968E-03,-49.449921E-03
-1.245000E-03,-246.093750E-03,-296.250343E-03,-53.356171E-03
-1.240000E-03,-234.375000E-03,-276.719093E-03,-53.356171E-03
-1.235000E-03,-218.750000E-03,-266.953468E-03,-53.356171E-03
-1.230000E-03,-203.125000E-03,-247.422218E-03,-53.356171E-03
-1.225000E-03,-187.500000E-03,-237.656593E-03,-53.356171E-03
-1.220000E-03,-171.875000E-03,-218.125343E-03,-49.449921E-03
-1.215000E-03,-156.250000E-03,-198.594093E-03,-53.356171E-03
-1.210000E-03,-140.625000E-03,-188.828468E-03,-53.356171E-03
-1.205000E-03,-125.000000E-03,-169.297218E-03,-53.356171E-03
-1.200000E-03,-109.375000E-03,-159.531593E-03,-53.356171E-03
-1.195000E-03,-93.750000E-03,-140.000343E-03,-53.356171E-03
-1.190000E-03,-78.125000E-03,-130.234718E-03,-57.262421E-03
-1.185000E-03,-62.500000E-03,-120.469093E-03,-61.168671E-03
-1.180000E-03,-42.968750E-03,-100.937843E-03,-61.168671E-03
-1.175000E-03,-27.343750E-03,-91.172218E-03,-65.074921E-03
-1.170000E-03,-11.718750E-03,-71.640968E-03,-65.074921E-03
-1.165000E-03,+3.906250E-03,-52.109718E-03,-65.074921E-03
-1.160000E-03,+23.437500E-03,-42.344093E-03,-68.981171E-03
-1.155000E-03,+39.062500E-03,-22.812843E-03,-65.074921E-03
-1.150000E-03,+54.687500E-03,-13.047218E-03,-68.981171E-03
-1.145000E-03,+70.312500E-03,+6.484032E-03,-72.887421E-03
-1.140000E-03,+85.937500E-03,+16.249657E-03,-72.887421E-03
-1.135000E-03,+101.562500E-03,+26.015282E-03,-76.793671E-03
-1.130000E-03,+121.093750E-03,+45.546532E-03,-80.699921E-03
-1.125000E-03,+136.718750E-03,+65.077782E-03,-80.699921E-03
-1.120000E-03,+156.250000E-03,+74.843407E-03,-84.606171E-03
-1.115000E-03,+171.875000E-03,+94.374657E-03,-80.699921E-03
-1.110000E-03,+187.500000E-03,+113.905907E-03,-80.699921E-03
-1.105000E-03,+203.125000E-03,+133.437157E-03,-80.699921E-03
-1.100000E-03,+222.656250E-03,+152.968407E-03,-76.793671E-03
-1.095000E-03,+238.281250E-03,+162.734032E-03,-76.793671E-03
-1.090000E-03,+257.812500E-03,+182.265282E-03,-76.793671E-03
-1.085000E-03,+273.437500E-03,+201.796532E-03,-72.887421E-03
-1.080000E-03,+289.062500E-03,+221.327782E-03,-76.793671E-03
-1.075000E-03,+304.687500E-03,+231.093407E-03,-72.887421E-03
-1.070000E-03,+316.406250E-03,+250.624657E-03,-68.981171E-03
-1.065000E-03,+332.031250E-03,+270.155907E-03,-68.981171E-03
-1.060000E-03,+347.656250E-03,+289.687157E-03,-68.981171E-03
-1.055000E-03,+367.187500E-03,+309.218407E-03,-65.074921E-03
-1.050000E-03,+378.906250E-03,+318.984032E-03,-61.168671E-03
-1.045000E-03,+394.531250E-03,+338.515282E-03,-61.168671E-03
-1.040000E-03,+406.250000E-03,+358.046532E-03,-57.262421E-03
-1.035000E-03,+417.968750E-03,+367.812157E-03,-53.356171E-03
-1.030000E-03,+429.687500E-03,+387.343407E-03,-45.543671E-03
-1.025000E-03,+437.500000E-03,+406.874657E-03,-37.731171E-03
-1.020000E-03,+445.312500E-03,+426.405907E-03,-29.918671E-03
-1.015000E-03,+453.125000E-03,+436.171532E-03,-18.199921E-03
-1.010000E-03,+460.937500E-03,+455.702782E-03,-10.387421E-03
-1.005000E-03,+468.750000E-03,+475.234032E-03,-2.574921E-03
-1.000000E-03,+476.562500E-03,+484.999657E-03,+5.237579E-03
-995.000E-06,+480.468750E-03,+494.765282E-03,+13.050079E-03
-990.000E-06,+488.281250E-03,+514.296532E-03,+20.862579E-03
-985.000E-06,+492.187500E-03,+524.062157E-03,+28.675079E-03
-980.000E-06,+500.000000E-03,+543.593407E-03,+40.393829E-03
-975.000E-06,+503.906250E-03,+563.124657E-03,+52.112579E-03
-970.000E-06,+507.812500E-03,+572.890282E-03,+63.831329E-03
-965.000E-06,+511.718750E-03,+592.421532E-03,+75.550079E-03
-960.000E-06,+515.625000E-03,+611.952782E-03,+91.175079E-03
-955.000E-06,+515.625000E-03,+621.718407E-03,+102.893829E-03
-950.000E-06,+523.437500E-03,+641.249657E-03,+110.706329E-03
-945.000E-06,+523.437500E-03,+660.780907E-03,+126.331329E-03
-940.000E-06,+527.343750E-03,+670.546532E-03,+138.050079E-03
-935.000E-06,+531.250000E-03,+680.312157E-03,+149.768829E-03
-930.000E-06,+535.156250E-03,+699.843407E-03,+157.581329E-03
-925.000E-06,+535.156250E-03,+719.374657E-03,+173.206329E-03
-920.000E-06,+539.062500E-03,+729.140282E-03,+188.831329E-03
-915.000E-06,+542.968750E-03,+748.671532E-03,+200.550079E-03
-910.000E-06,+542.968750E-03,+768.202782E-03,+216.175079E-03
-905.000E-06,+546.875000E-03,+777.968407E-03,+231.800079E-03
-900.000E-06,+546.875000E-03,+797.499657E-03,+243.518829E-03
-895.000E-06,+550.781250E-03,+817.030907E-03,+259.143829E-03
-890.000E-06,+550.781250E-03,+826.796532E-03,+274.768829E-03
-885.000E-06,+554.687500E-03,+846.327782E-03,+286.487579E-03
-880.000E-06,+554.687500E-03,+865.859032E-03,+306.018829E-03
-875.000E-06,+558.593750E-03,+885.390282E-03,+321.643829E-03
-870.000E-06,+558.593750E-03,+904.921532E-03,+337.268829E-03
-865.000E-06,+562.500000E-03,+924.452782E-03,+352.893829E-03
-860.000E-06,+562.500000E-03,+934.218407E-03,+368.518829E-03
-855.000E-06,+562.500000E-03,+953.749657E-03,+380.237579E-03
-850.000E-06,+566.406250E-03,+963.515282E-03,+395.862579E-03
-845.000E-06,+566.406250E-03,+983.046532E-03,+411.487579E-03
-840.000E-06,+566.406250E-03,+992.812157E-03,+423.206329E-03
-835.000E-06,+570.312500E-03,+1.012343407E+00,+434.925079E-03
-830.000E-06,+570.312500E-03,+1.031874657E+00,+454.456329E-03
-825.000E-06,+574.218750E-03,+1.051405907E+00,+470.081329E-03
-820.000E-06,+574.218750E-03,+1.061171532E+00,+481.800079E-03
-815.000E-06,+574.218750E-03,+1.080702782E+00,+497.425079E-03
-810.000E-06,+578.125000E-03,+1.090468407E+00,+513.050079E-03
-805.000E-06,+578.125000E-03,+1.109999657E+00,+520.862579E-03
-800.000E-06,+582.031250E-03,+1.119765282E+00,+532.581329E-03
-795.000E-06,+582.031250E-03,+1.129530907E+00,+544.300079E-03
-790.000E-06,+582.031250E-03,+1.149062157E+00,+556.018829E-03
-785.000E-06,+585.937500E-03,+1.158827782E+00,+571.643829E-03
-780.000E-06,+585.937500E-03,+1.178359032E+00,+583.362579E-03
-775.000E-06,+585.937500E-03,+1.197890282E+00,+602.893829E-03
-770.000E-06,+585.937500E-03,+1.207655907E+00,+618.518829E-03
-765.000E-06,+585.937500E-03,+1.227187157E+00,+634.143829E-03
-760.000E-06,+589.843750E-03,+1.246718407E+00,+649.768829E-03
-755.000E-06,+589.843750E-03,+1.266249657E+00,+669.300079E-03
-750.000E-06,+589.843750E-03,+1.276015282E+00,+681.018829E-03
-745.000E-06,+589.843750E-03,+1.295546532E+00,+692.737579E-03
-740.000E-06,+593.750000E-03,+1.305312157E+00,+712.268829E-03
-735.000E-06,+593.750000E-03,+1.324843407E+00,+723.987579E-03
-730.000E-06,+593.750000E-03,+1.344374657E+00,+739.612579E-03
-725.000E-06,+593.750000E-03,+1.354140282E+00,+759.143829E-03
-720.000E-06,+593.750000E-03,+1.373671532E+00,+774.768829E-03
-715.000E-06,+597.656250E-03,+1.393202782E+00,+790.393829E-03
-710.000E-06,+597.656250E-03,+1.412734032E+00,+806.018829E-03
-705.000E-06,+597.656250E-03,+1.422499657E+00,+821.643829E-03
-700.000E-06,+601.562500E-03,+1.442030907E+00,+837.268829E-03
-695.000E-06,+601.562500E-03,+1.461562157E+00,+852.893829E-03
-690.000E-06,+601.562500E-03,+1.471327782E+00,+868.518829E-03
-685.000E-06,+601.562500E-03,+1.490859032E+00,+884.143829E-03
-680.000E-06,+601.562500E-03,+1.510390282E+00,+899.768829E-03
-675.000E-06,+601.562500E-03,+1.529921532E+00,+919.300079E-03
-670.000E-06,+605.468750E-03,+1.539687157E+00,+931.018829E-03
-665.000E-06,+605.468750E-03,+1.559218407E+00,+950.550079E-03
-660.000E-06,+605.468750E-03,+1.578749657E+00,+966.175079E-03
-655.000E-06,+605.468750E-03,+1.588515282E+00,+977.893829E-03
-650.000E-06,+605.468750E-03,+1.608046532E+00,+993.518829E-03
-645.000E-06,+609.375000E-03,+1.617812157E+00,+1.005237579E+00
-640.000E-06,+609.375000E-03,+1.637343407E+00,+1.020862579E+00
-635.000E-06,+609.375000E-03,+1.656874657E+00,+1.036487579E+00
-630.000E-06,+609.375000E-03,+1.666640282E+00,+1.056018829E+00
-625.000E-06,+609.375000E-03,+1.686171532E+00,+1.071643829E+00
-620.000E-06,+609.375000E-03,+1.705702782E+00,+1.087268829E+00
-615.000E-06,+613.281250E-03,+1.725234032E+00,+1.102893829E+00
-610.000E-06,+613.281250E-03,+1.734999657E+00,+1.122425079E+00
-605.000E-06,+613.281250E-03,+1.754530907E+00,+1.138050079E+00
-600.000E-06,+613.281250E-03,+1.764296532E+00,+1.149768829E+00
-595.000E-06,+613.281250E-03,+1.783827782E+00,+1.165393829E+00
-590.000E-06,+613.281250E-03,+1.803359032E+00,+1.181018829E+00
-585.000E-06,+617.187500E-03,+1.813124657E+00,+1.196643829E+00
-580.000E-06,+617.187500E-03,+1.842421532E+00,+1.216175079E+00
-575.000E-06,+617.187500E-03,+1.852187157E+00,+1.231800079E+00
-570.000E-06,+617.187500E-03,+1.871718407E+00,+1.247425079E+00
-565.000E-06,+617.187500E-03,+1.881484032E+00,+1.263050079E+00
-560.000E-06,+617.187500E-03,+1.901015282E+00,+1.278675079E+00
-555.000E-06,+617.187500E-03,+1.920546532E+00,+1.294300079E+00
-550.000E-06,+617.187500E-03,+1.930312157E+00,+1.309925079E+00
-545.000E-06,+617.187500E-03,+1.949843407E+00,+1.329456329E+00
-540.000E-06,+621.093750E-03,+1.969374657E+00,+1.345081329E+00
-535.000E-06,+621.093750E-03,+1.988905907E+00,+1.360706329E+00
-530.000E-06,+621.093750E-03,+1.998671532E+00,+1.376331329E+00
-525.000E-06,+621.093750E-03,+2.018202782E+00,+1.395862579E+00
-520.000E-06,+621.093750E-03,+2.037734032E+00,+1.411487579E+00
-515.000E-06,+621.093750E-03,+2.057265282E+00,+1.423206329E+00
-510.000E-06,+621.093750E-03,+2.067030907E+00,+1.442737579E+00
-505.000E-06,+621.093750E-03,+2.086562157E+00,+1.458362579E+00
-500.000E-06,+625.000000E-03,+2.106093407E+00,+1.477893829E+00
-495.000E-06,+625.000000E-03,+2.125624657E+00,+1.493518829E+00
-490.000E-06,+625.000000E-03,+2.135390282E+00,+1.509143829E+00
-485.000E-06,+625.000000E-03,+2.154921532E+00,+1.528675079E+00
-480.000E-06,+625.000000E-03,+2.174452782E+00,+1.544300079E+00
-475.000E-06,+625.000000E-03,+2.193984032E+00,+1.563831329E+00
-470.000E-06,+625.000000E-03,+2.203749657E+00,+1.575550079E+00
-465.000E-06,+625.000000E-03,+2.223280907E+00,+1.591175079E+00
-460.000E-06,+625.000000E-03,+2.242812157E+00,+1.606800079E+00
-455.000E-06,+628.906250E-03,+2.252577782E+00,+1.622425079E+00
-450.000E-06,+628.906250E-03,+2.272109032E+00,+1.641956329E+00
-445.000E-06,+628.906250E-03,+2.291640282E+00,+1.657581329E+00
-440.000E-06,+628.906250E-03,+2.301405907E+00,+1.673206329E+00
-435.000E-06,+628.906250E-03,+2.320937157E+00,+1.688831329E+00
-430.000E-06,+628.906250E-03,+2.340468407E+00,+1.700550079E+00
-425.000E-06,+628.906250E-03,+2.350234032E+00,+1.716175079E+00
-420.000E-06,+628.906250E-03,+2.369765282E+00,+1.731800079E+00
-415.000E-06,+628.906250E-03,+2.379530907E+00,+1.743518829E+00
-410.000E-06,+632.812500E-03,+2.389296532E+00,+1.755237579E+00
-405.000E-06,+632.812500E-03,+2.408827782E+00,+1.774768829E+00
-400.000E-06,+632.812500E-03,+2.428359032E+00,+1.786487579E+00
-395.000E-06,+632.812500E-03,+2.438124657E+00,+1.806018829E+00
-390.000E-06,+632.812500E-03,+2.457655907E+00,+1.821643829E+00
-385.000E-06,+632.812500E-03,+2.477187157E+00,+1.837268829E+00
-380.000E-06,+632.812500E-03,+2.486952782E+00,+1.852893829E+00
-375.000E-06,+632.812500E-03,+2.506484032E+00,+1.868518829E+00
-370.000E-06,+632.812500E-03,+2.516249657E+00,+1.880237579E+00
-365.000E-06,+632.812500E-03,+2.535780907E+00,+1.895862579E+00
-360.000E-06,+636.718750E-03,+2.545546532E+00,+1.907581329E+00
-355.000E-06,+636.718750E-03,+2.565077782E+00,+1.927112579E+00
-350.000E-06,+636.718750E-03,+2.584609032E+00,+1.946643829E+00
-345.000E-06,+636.718750E-03,+2.604140282E+00,+1.962268829E+00
-340.000E-06,+636.718750E-03,+2.613905907E+00,+1.977893829E+00
-335.000E-06,+636.718750E-03,+2.633437157E+00,+1.993518829E+00
-330.000E-06,+636.718750E-03,+2.652968407E+00,+2.013050079E+00
-325.000E-06,+636.718750E-03,+2.662734032E+00,+2.024768829E+00
-320.000E-06,+636.718750E-03,+2.682265282E+00,+2.036487579E+00
-315.000E-06,+636.718750E-03,+2.692030907E+00,+2.048206329E+00
-310.000E-06,+636.718750E-03,+2.701796532E+00,+2.063831329E+00
-305.000E-06,+636.718750E-03,+2.721327782E+00,+2.079456329E+00
-300.000E-06,+640.625000E-03,+2.740859032E+00,+2.095081329E+00
-295.000E-06,+640.625000E-03,+2.750624657E+00,+2.110706329E+00
-290.000E-06,+640.625000E-03,+2.770155907E+00,+2.126331329E+00
-285.000E-06,+640.625000E-03,+2.789687157E+00,+2.145862579E+00
-280.000E-06,+640.625000E-03,+2.799452782E+00,+2.157581329E+00
-275.000E-06,+640.625000E-03,+2.818984032E+00,+2.173206329E+00
-270.000E-06,+640.625000E-03,+2.828749657E+00,+2.184925079E+00
-265.000E-06,+640.625000E-03,+2.848280907E+00,+2.200550079E+00
-260.000E-06,+640.625000E-03,+2.858046532E+00,+2.212268829E+00
-255.000E-06,+640.625000E-03,+2.877577782E+00,+2.227893829E+00
-250.000E-06,+640.625000E-03,+2.887343407E+00,+2.239612579E+00
-245.000E-06,+640.625000E-03,+2.906874657E+00,+2.259143829E+00
-240.000E-06,+644.531250E-03,+2.926405907E+00,+2.274768829E+00
-235.000E-06,+640.625000E-03,+2.945937157E+00,+2.294300079E+00
-230.000E-06,+644.531250E-03,+2.955702782E+00,+2.309925079E+00
-225.000E-06,+644.531250E-03,+2.975234032E+00,+2.325550079E+00
-220.000E-06,+644.531250E-03,+2.994765282E+00,+2.341175079E+00
-215.000E-06,+644.531250E-03,+3.004530907E+00,+2.356800079E+00
-210.000E-06,+644.531250E-03,+3.024062157E+00,+2.372425079E+00
-205.000E-06,+644.531250E-03,+3.033827782E+00,+2.388050079E+00
-200.000E-06,+644.531250E-03,+3.053359032E+00,+2.403675079E+00
-195.000E-06,+644.531250E-03,+3.072890282E+00,+2.423206329E+00
-190.000E-06,+644.531250E-03,+3.092421532E+00,+2.434925079E+00
-185.000E-06,+644.531250E-03,+3.111952782E+00,+2.454456329E+00
-180.000E-06,+644.531250E-03,+3.121718407E+00,+2.473987579E+00
-175.000E-06,+648.437500E-03,+3.141249657E+00,+2.485706329E+00
-170.000E-06,+644.531250E-03,+3.160780907E+00,+2.505237579E+00
-165.000E-06,+648.437500E-03,+3.170546532E+00,+2.516956329E+00
-160.000E-06,+648.437500E-03,+3.190077782E+00,+2.532581329E+00
-155.000E-06,+648.437500E-03,+3.199843407E+00,+2.548206329E+00
-150.000E-06,+648.437500E-03,+3.219374657E+00,+2.563831329E+00
-145.000E-06,+648.437500E-03,+3.238905907E+00,+2.583362579E+00
-140.000E-06,+648.437500E-03,+3.248671532E+00,+2.598987579E+00
-135.000E-06,+648.437500E-03,+3.268202782E+00,+2.614612579E+00
-130.000E-06,+648.437500E-03,+3.287734032E+00,+2.634143829E+00
-125.000E-06,+648.437500E-03,+3.307265282E+00,+2.649768829E+00
-120.000E-06,+648.437500E-03,+3.317030907E+00,+2.661487579E+00
-115.000E-06,+652.343750E-03,+3.336562157E+00,+2.681018829E+00
-110.000E-06,+652.343750E-03,+3.346327782E+00,+2.692737579E+00
-105.000E-06,+652.343750E-03,+3.365859032E+00,+2.712268829E+00
-100.000E-06,+652.343750E-03,+3.385390282E+00,+2.727893829E+00
-95.000E-06,+652.343750E-03,+3.404921532E+00,+2.747425079E+00
-90.000E-06,+652.343750E-03,+3.414687157E+00,+2.763050079E+00
-85.000E-06,+652.343750E-03,+3.434218407E+00,+2.774768829E+00
-80.000E-06,+652.343750E-03,+3.443984032E+00,+2.790393829E+00
-75.000E-06,+652.343750E-03,+3.463515282E+00,+2.802112579E+00
-70.000E-06,+652.343750E-03,+3.473280907E+00,+2.817737579E+00
-65.000E-06,+652.343750E-03,+3.492812157E+00,+2.829456329E+00
-60.000E-06,+652.343750E-03,+3.502577782E+00,+2.845081329E+00
-55.000E-06,+652.343750E-03,+3.522109032E+00,+2.860706329E+00
-50.000E-06,+652.343750E-03,+3.531874657E+00,+2.876331329E+00
-45.000E-06,+652.343750E-03,+3.551405907E+00,+2.891956329E+00
-40.000E-06,+656.250000E-03,+3.570937157E+00,+2.911487579E+00
-35.000E-06,+656.250000E-03,+3.590468407E+00,+2.931018829E+00
-30.000E-06,+656.250000E-03,+3.609999657E+00,+2.946643829E+00
-25.000E-06,+656.250000E-03,+3.629530907E+00,+2.966175079E+00
-20.000E-06,+656.250000E-03,+3.639296532E+00,+2.981800079E+00
-15.000E-06,+656.250000E-03,+3.658827782E+00,+3.001331329E+00
-10.000E-06,+656.250000E-03,+3.678359032E+00,+3.016956329E+00
-5.000E-06,+656.250000E-03,+3.697890282E+00,+3.036487579E+00
-0.0E+00,+656.250000E-03,+3.717421532E+00,+3.052112579E+00
+5.000E-06,+656.250000E-03,+3.727187157E+00,+3.067737579E+00
+10.000E-06,+656.250000E-03,+3.746718407E+00,+3.083362579E+00
+15.000E-06,+656.250000E-03,+3.756484032E+00,+3.095081329E+00
+20.000E-06,+656.250000E-03,+3.766249657E+00,+3.106800079E+00
+25.000E-06,+656.250000E-03,+3.785780907E+00,+3.122425079E+00
+30.000E-06,+660.156250E-03,+3.805312157E+00,+3.138050079E+00
+35.000E-06,+656.250000E-03,+3.815077782E+00,+3.153675079E+00
+40.000E-06,+660.156250E-03,+3.834609032E+00,+3.165393829E+00
+45.000E-06,+660.156250E-03,+3.844374657E+00,+3.184925079E+00
+50.000E-06,+660.156250E-03,+3.863905907E+00,+3.200550079E+00
+55.000E-06,+660.156250E-03,+3.883437157E+00,+3.216175079E+00
+60.000E-06,+660.156250E-03,+3.893202782E+00,+3.231800079E+00
+65.000E-06,+660.156250E-03,+3.912734032E+00,+3.251331329E+00
+70.000E-06,+660.156250E-03,+3.932265282E+00,+3.266956329E+00
+75.000E-06,+660.156250E-03,+3.942030907E+00,+3.278675079E+00
+80.000E-06,+660.156250E-03,+3.961562157E+00,+3.298206329E+00
+85.000E-06,+660.156250E-03,+3.981093407E+00,+3.313831329E+00
+90.000E-06,+660.156250E-03,+4.000624657E+00,+3.329456329E+00
+95.000E-06,+660.156250E-03,+4.010390282E+00,+3.345081329E+00
+100.000E-06,+660.156250E-03,+4.029921532E+00,+3.364612579E+00
+105.000E-06,+660.156250E-03,+4.049452782E+00,+3.376331329E+00
+110.000E-06,+660.156250E-03,+4.059218407E+00,+3.391956329E+00
+115.000E-06,+664.062500E-03,+4.068984032E+00,+3.403675079E+00
+120.000E-06,+664.062500E-03,+4.088515282E+00,+3.419300079E+00
+125.000E-06,+664.062500E-03,+4.108046532E+00,+3.434925079E+00
+130.000E-06,+664.062500E-03,+4.117812157E+00,+3.450550079E+00
+135.000E-06,+664.062500E-03,+4.137343407E+00,+3.466175079E+00
+140.000E-06,+664.062500E-03,+4.147109032E+00,+3.481800079E+00
+145.000E-06,+664.062500E-03,+4.166640282E+00,+3.497425079E+00
+150.000E-06,+664.062500E-03,+4.186171532E+00,+3.513050079E+00
+155.000E-06,+664.062500E-03,+4.205702782E+00,+3.532581329E+00
+160.000E-06,+664.062500E-03,+4.215468407E+00,+3.548206329E+00
+165.000E-06,+664.062500E-03,+4.234999657E+00,+3.567737579E+00
+170.000E-06,+664.062500E-03,+4.244765282E+00,+3.579456329E+00
+175.000E-06,+664.062500E-03,+4.264296532E+00,+3.595081329E+00
+180.000E-06,+664.062500E-03,+4.274062157E+00,+3.606800079E+00
+185.000E-06,+667.968750E-03,+4.293593407E+00,+3.626331329E+00
+190.000E-06,+667.968750E-03,+4.313124657E+00,+3.641956329E+00
+195.000E-06,+664.062500E-03,+4.332655907E+00,+3.661487579E+00
+200.000E-06,+667.968750E-03,+4.352187157E+00,+3.677112579E+00
+205.000E-06,+667.968750E-03,+4.361952782E+00,+3.692737579E+00
+210.000E-06,+667.968750E-03,+4.381484032E+00,+3.712268829E+00
+215.000E-06,+667.968750E-03,+4.401015282E+00,+3.723987579E+00
+220.000E-06,+667.968750E-03,+4.410780907E+00,+3.739612579E+00
+225.000E-06,+667.968750E-03,+4.430312157E+00,+3.755237579E+00
+230.000E-06,+667.968750E-03,+4.440077782E+00,+3.770862579E+00
+235.000E-06,+667.968750E-03,+4.459609032E+00,+3.790393829E+00
+240.000E-06,+667.968750E-03,+4.479140282E+00,+3.806018829E+00
+245.000E-06,+667.968750E-03,+4.498671532E+00,+3.825550079E+00
+250.000E-06,+667.968750E-03,+4.518202782E+00,+3.841175079E+00
+255.000E-06,+667.968750E-03,+4.527968407E+00,+3.856800079E+00
+260.000E-06,+667.968750E-03,+4.547499657E+00,+3.868518829E+00
+265.000E-06,+667.968750E-03,+4.557265282E+00,+3.884143829E+00
+270.000E-06,+671.875000E-03,+4.576796532E+00,+3.895862579E+00
+275.000E-06,+671.875000E-03,+4.586562157E+00,+3.911487579E+00
+280.000E-06,+671.875000E-03,+4.606093407E+00,+3.927112579E+00
+285.000E-06,+671.875000E-03,+4.625624657E+00,+3.942737579E+00
+290.000E-06,+671.875000E-03,+4.635390282E+00,+3.962268829E+00
+295.000E-06,+671.875000E-03,+4.654921532E+00,+3.977893829E+00
+300.000E-06,+671.875000E-03,+4.674452782E+00,+3.993518829E+00
+305.000E-06,+671.875000E-03,+4.684218407E+00,+4.009143829E+00
+310.000E-06,+671.875000E-03,+4.703749657E+00,+4.024768829E+00
+315.000E-06,+671.875000E-03,+4.723280907E+00,+4.040393829E+00
+320.000E-06,+671.875000E-03,+4.733046532E+00,+4.056018829E+00
+325.000E-06,+671.875000E-03,+4.752577782E+00,+4.071643829E+00
+330.000E-06,+671.875000E-03,+4.772109032E+00,+4.087268829E+00
+335.000E-06,+671.875000E-03,+4.781874657E+00,+4.102893829E+00
+340.000E-06,+671.875000E-03,+4.801405907E+00,+4.118518829E+00
+345.000E-06,+671.875000E-03,+4.811171532E+00,+4.130237579E+00
+350.000E-06,+671.875000E-03,+4.830702782E+00,+4.149768829E+00
+355.000E-06,+671.875000E-03,+4.840468407E+00,+4.161487579E+00
+360.000E-06,+671.875000E-03,+4.859999657E+00,+4.177112579E+00
+365.000E-06,+671.875000E-03,+4.869765282E+00,+4.188831329E+00
+370.000E-06,+671.875000E-03,+4.889296532E+00,+4.204456329E+00
+375.000E-06,+671.875000E-03,+4.899062157E+00,+4.220081329E+00
+380.000E-06,+675.781250E-03,+4.918593407E+00,+4.231800079E+00
+385.000E-06,+675.781250E-03,+4.928359032E+00,+4.247425079E+00
+390.000E-06,+675.781250E-03,+4.947890282E+00,+4.263050079E+00
+395.000E-06,+675.781250E-03,+4.957655907E+00,+4.278675079E+00
+400.000E-06,+675.781250E-03,+4.977187157E+00,+4.290393829E+00
+405.000E-06,+675.781250E-03,+4.986952782E+00,+4.309925079E+00
+410.000E-06,+675.781250E-03,+5.006484032E+00,+4.325550079E+00
+415.000E-06,+675.781250E-03,+5.026015282E+00,+4.337268829E+00
+420.000E-06,+675.781250E-03,+5.035780907E+00,+4.352893829E+00
+425.000E-06,+675.781250E-03,+5.055312157E+00,+4.368518829E+00
+430.000E-06,+675.781250E-03,+5.065077782E+00,+4.384143829E+00
+435.000E-06,+675.781250E-03,+5.084609032E+00,+4.399768829E+00
+440.000E-06,+675.781250E-03,+5.094374657E+00,+4.411487579E+00
+445.000E-06,+675.781250E-03,+5.113905907E+00,+4.431018829E+00
+450.000E-06,+675.781250E-03,+5.123671532E+00,+4.442737579E+00
+455.000E-06,+675.781250E-03,+5.143202782E+00,+4.454456329E+00
+460.000E-06,+675.781250E-03,+5.152968407E+00,+4.470081329E+00
+465.000E-06,+675.781250E-03,+5.172499657E+00,+4.485706329E+00
+470.000E-06,+675.781250E-03,+5.182265282E+00,+4.501331329E+00
+475.000E-06,+675.781250E-03,+5.201796532E+00,+4.516956329E+00
+480.000E-06,+675.781250E-03,+5.221327782E+00,+4.532581329E+00
+485.000E-06,+675.781250E-03,+5.231093407E+00,+4.548206329E+00
+490.000E-06,+675.781250E-03,+5.250624657E+00,+4.563831329E+00
+495.000E-06,+675.781250E-03,+5.270155907E+00,+4.579456329E+00
+500.000E-06,+675.781250E-03,+5.279921532E+00,+4.595081329E+00
+505.000E-06,+675.781250E-03,+5.299452782E+00,+4.614612579E+00
+510.000E-06,+679.687500E-03,+5.318984032E+00,+4.626331329E+00
+515.000E-06,+679.687500E-03,+5.328749657E+00,+4.641956329E+00
+520.000E-06,+679.687500E-03,+5.348280907E+00,+4.657581329E+00
+525.000E-06,+679.687500E-03,+5.358046532E+00,+4.673206329E+00
+530.000E-06,+679.687500E-03,+5.377577782E+00,+4.688831329E+00
+535.000E-06,+679.687500E-03,+5.387343407E+00,+4.700550079E+00
+540.000E-06,+679.687500E-03,+5.406874657E+00,+4.716175079E+00
+545.000E-06,+679.687500E-03,+5.426405907E+00,+4.735706329E+00
+550.000E-06,+679.687500E-03,+5.436171532E+00,+4.751331329E+00
+555.000E-06,+679.687500E-03,+5.455702782E+00,+4.770862579E+00
+560.000E-06,+679.687500E-03,+5.475234032E+00,+4.786487579E+00
+565.000E-06,+679.687500E-03,+5.484999657E+00,+4.798206329E+00
+570.000E-06,+679.687500E-03,+5.504530907E+00,+4.817737579E+00
+575.000E-06,+679.687500E-03,+5.524062157E+00,+4.833362579E+00
+580.000E-06,+679.687500E-03,+5.533827782E+00,+4.848987579E+00
+585.000E-06,+679.687500E-03,+5.553359032E+00,+4.864612579E+00
+590.000E-06,+679.687500E-03,+5.572890282E+00,+4.880237579E+00
+595.000E-06,+679.687500E-03,+5.582655907E+00,+4.895862579E+00
+600.000E-06,+679.687500E-03,+5.602187157E+00,+4.915393829E+00
+605.000E-06,+679.687500E-03,+5.621718407E+00,+4.927112579E+00
+610.000E-06,+679.687500E-03,+5.631484032E+00,+4.946643829E+00
+615.000E-06,+679.687500E-03,+5.651015282E+00,+4.958362579E+00
+620.000E-06,+679.687500E-03,+5.660780907E+00,+4.973987579E+00
+625.000E-06,+683.593750E-03,+5.680312157E+00,+4.989612579E+00
+630.000E-06,+683.593750E-03,+5.699843407E+00,+5.005237579E+00
+635.000E-06,+683.593750E-03,+5.709609032E+00,+5.024768829E+00
+640.000E-06,+683.593750E-03,+5.729140282E+00,+5.036487579E+00
+645.000E-06,+683.593750E-03,+5.748671532E+00,+5.056018829E+00
+650.000E-06,+683.593750E-03,+5.758437157E+00,+5.071643829E+00
+655.000E-06,+683.593750E-03,+5.777968407E+00,+5.091175079E+00
+660.000E-06,+683.593750E-03,+5.797499657E+00,+5.102893829E+00
+665.000E-06,+683.593750E-03,+5.807265282E+00,+5.118518829E+00
+670.000E-06,+683.593750E-03,+5.826796532E+00,+5.134143829E+00
+675.000E-06,+683.593750E-03,+5.836562157E+00,+5.149768829E+00
+680.000E-06,+683.593750E-03,+5.856093407E+00,+5.165393829E+00
+685.000E-06,+683.593750E-03,+5.865859032E+00,+5.177112579E+00
+690.000E-06,+683.593750E-03,+5.885390282E+00,+5.196643829E+00
+695.000E-06,+683.593750E-03,+5.904921532E+00,+5.212268829E+00
+700.000E-06,+683.593750E-03,+5.914687157E+00,+5.227893829E+00
+705.000E-06,+683.593750E-03,+5.934218407E+00,+5.243518829E+00
+710.000E-06,+683.593750E-03,+5.953749657E+00,+5.255237579E+00
+715.000E-06,+683.593750E-03,+5.963515282E+00,+5.274768829E+00
+720.000E-06,+683.593750E-03,+5.983046532E+00,+5.286487579E+00
+725.000E-06,+683.593750E-03,+6.002577782E+00,+5.306018829E+00
+730.000E-06,+683.593750E-03,+6.012343407E+00,+5.321643829E+00
+735.000E-06,+683.593750E-03,+6.031874657E+00,+5.337268829E+00
+740.000E-06,+683.593750E-03,+6.051405907E+00,+5.352893829E+00
+745.000E-06,+683.593750E-03,+6.070937157E+00,+5.372425079E+00
+750.000E-06,+683.593750E-03,+6.080702782E+00,+5.388050079E+00
+755.000E-06,+683.593750E-03,+6.100234032E+00,+5.403675079E+00
+760.000E-06,+683.593750E-03,+6.109999657E+00,+5.419300079E+00
+765.000E-06,+687.500000E-03,+6.129530907E+00,+5.431018829E+00
+770.000E-06,+687.500000E-03,+6.139296532E+00,+5.446643829E+00
+775.000E-06,+687.500000E-03,+6.158827782E+00,+5.462268829E+00
+780.000E-06,+683.593750E-03,+6.178359032E+00,+5.481800079E+00
+785.000E-06,+687.500000E-03,+6.188124657E+00,+5.497425079E+00
+790.000E-06,+687.500000E-03,+6.207655907E+00,+5.513050079E+00
+795.000E-06,+687.500000E-03,+6.227187157E+00,+5.532581329E+00
+800.000E-06,+687.500000E-03,+6.236952782E+00,+5.544300079E+00
+805.000E-06,+687.500000E-03,+6.256484032E+00,+5.559925079E+00
+810.000E-06,+687.500000E-03,+6.266249657E+00,+5.571643829E+00
+815.000E-06,+687.500000E-03,+6.276015282E+00,+5.587268829E+00
+820.000E-06,+687.500000E-03,+6.295546532E+00,+5.598987579E+00
+825.000E-06,+687.500000E-03,+6.305312157E+00,+5.614612579E+00
+830.000E-06,+687.500000E-03,+6.324843407E+00,+5.630237579E+00
+835.000E-06,+687.500000E-03,+6.344374657E+00,+5.645862579E+00
+840.000E-06,+687.500000E-03,+6.363905907E+00,+5.665393829E+00
+845.000E-06,+687.500000E-03,+6.373671532E+00,+5.681018829E+00
+850.000E-06,+687.500000E-03,+6.393202782E+00,+5.696643829E+00
+855.000E-06,+687.500000E-03,+6.412734032E+00,+5.716175079E+00
+860.000E-06,+687.500000E-03,+6.432265282E+00,+5.735706329E+00
+865.000E-06,+687.500000E-03,+6.442030907E+00,+5.747425079E+00
+870.000E-06,+687.500000E-03,+6.461562157E+00,+5.766956329E+00
+875.000E-06,+687.500000E-03,+6.481093407E+00,+5.782581329E+00
+880.000E-06,+687.500000E-03,+6.500624657E+00,+5.798206329E+00
+885.000E-06,+687.500000E-03,+6.510390282E+00,+5.813831329E+00
+890.000E-06,+687.500000E-03,+6.529921532E+00,+5.833362579E+00
+895.000E-06,+687.500000E-03,+6.549452782E+00,+5.848987579E+00
+900.000E-06,+687.500000E-03,+6.559218407E+00,+5.864612579E+00
+905.000E-06,+687.500000E-03,+6.578749657E+00,+5.876331329E+00
+910.000E-06,+687.500000E-03,+6.588515282E+00,+5.888050079E+00
+915.000E-06,+687.500000E-03,+6.598280907E+00,+5.899768829E+00
+920.000E-06,+687.500000E-03,+6.608046532E+00,+5.915393829E+00
+925.000E-06,+687.500000E-03,+6.627577782E+00,+5.931018829E+00
+930.000E-06,+691.406250E-03,+6.647109032E+00,+5.946643829E+00
+935.000E-06,+691.406250E-03,+6.666640282E+00,+5.966175079E+00
+940.000E-06,+691.406250E-03,+6.676405907E+00,+5.981800079E+00
+945.000E-06,+691.406250E-03,+6.695937157E+00,+5.997425079E+00
+950.000E-06,+691.406250E-03,+6.715468407E+00,+6.016956329E+00
+955.000E-06,+691.406250E-03,+6.734999657E+00,+6.032581329E+00
+960.000E-06,+691.406250E-03,+6.744765282E+00,+6.048206329E+00
+965.000E-06,+691.406250E-03,+6.764296532E+00,+6.067737579E+00
+970.000E-06,+691.406250E-03,+6.783827782E+00,+6.083362579E+00
+975.000E-06,+691.406250E-03,+6.793593407E+00,+6.098987579E+00
+980.000E-06,+691.406250E-03,+6.813124657E+00,+6.114612579E+00
+985.000E-06,+691.406250E-03,+6.832655907E+00,+6.130237579E+00
+990.000E-06,+691.406250E-03,+6.842421532E+00,+6.145862579E+00
+995.000E-06,+691.406250E-03,+6.861952782E+00,+6.161487579E+00
+1.000000E-03,+691.406250E-03,+6.881484032E+00,+6.181018829E+00
+1.005000E-03,+691.406250E-03,+6.901015282E+00,+6.200550079E+00
+1.010000E-03,+691.406250E-03,+6.920546532E+00,+6.216175079E+00
+1.015000E-03,+691.406250E-03,+6.930312157E+00,+6.231800079E+00
+1.020000E-03,+691.406250E-03,+6.949843407E+00,+6.251331329E+00
+1.025000E-03,+691.406250E-03,+6.969374657E+00,+6.270862579E+00
+1.030000E-03,+691.406250E-03,+6.988905907E+00,+6.290393829E+00
+1.035000E-03,+691.406250E-03,+7.008437157E+00,+6.309925079E+00
+1.040000E-03,+691.406250E-03,+7.027968407E+00,+6.325550079E+00
+1.045000E-03,+691.406250E-03,+7.037734032E+00,+6.337268829E+00
+1.050000E-03,+691.406250E-03,+7.057265282E+00,+6.352893829E+00
+1.055000E-03,+691.406250E-03,+7.067030907E+00,+6.368518829E+00
+1.060000E-03,+691.406250E-03,+7.086562157E+00,+6.384143829E+00
+1.065000E-03,+691.406250E-03,+7.096327782E+00,+6.395862579E+00
+1.070000E-03,+691.406250E-03,+7.115859032E+00,+6.411487579E+00
+1.075000E-03,+691.406250E-03,+7.125624657E+00,+6.427112579E+00
+1.080000E-03,+691.406250E-03,+7.145155907E+00,+6.442737579E+00
+1.085000E-03,+695.312500E-03,+7.164687157E+00,+6.462268829E+00
+1.090000E-03,+691.406250E-03,+7.174452782E+00,+6.473987579E+00
+1.095000E-03,+691.406250E-03,+7.193984032E+00,+6.493518829E+00
+1.100000E-03,+691.406250E-03,+7.213515282E+00,+6.513050079E+00
+1.105000E-03,+691.406250E-03,+7.233046532E+00,+6.528675079E+00
+1.110000E-03,+695.312500E-03,+7.242812157E+00,+6.540393829E+00
+1.115000E-03,+695.312500E-03,+7.262343407E+00,+6.556018829E+00
+1.120000E-03,+691.406250E-03,+7.281874657E+00,+6.575550079E+00
+1.125000E-03,+695.312500E-03,+7.291640282E+00,+6.595081329E+00
+1.130000E-03,+695.312500E-03,+7.311171532E+00,+6.614612579E+00
+1.135000E-03,+695.312500E-03,+7.330702782E+00,+6.630237579E+00
+1.140000E-03,+695.312500E-03,+7.350234032E+00,+6.645862579E+00
+1.145000E-03,+695.312500E-03,+7.359999657E+00,+6.661487579E+00
+1.150000E-03,+695.312500E-03,+7.379530907E+00,+6.677112579E+00
+1.155000E-03,+695.312500E-03,+7.389296532E+00,+6.688831329E+00
+1.160000E-03,+695.312500E-03,+7.408827782E+00,+6.704456329E+00
+1.165000E-03,+695.312500E-03,+7.428359032E+00,+6.723987579E+00
+1.170000E-03,+695.312500E-03,+7.447890282E+00,+6.739612579E+00
+1.175000E-03,+695.312500E-03,+7.457655907E+00,+6.755237579E+00
+1.180000E-03,+695.312500E-03,+7.477187157E+00,+6.774768829E+00
+1.185000E-03,+695.312500E-03,+7.486952782E+00,+6.786487579E+00
+1.190000E-03,+695.312500E-03,+7.506484032E+00,+6.802112579E+00
+1.195000E-03,+695.312500E-03,+7.516249657E+00,+6.813831329E+00
+1.200000E-03,+695.312500E-03,+7.535780907E+00,+6.833362579E+00
+1.205000E-03,+695.312500E-03,+7.555312157E+00,+6.848987579E+00
+1.210000E-03,+695.312500E-03,+7.565077782E+00,+6.860706329E+00
+1.215000E-03,+695.312500E-03,+7.584609032E+00,+6.880237579E+00
+1.220000E-03,+695.312500E-03,+7.594374657E+00,+6.891956329E+00
+1.225000E-03,+695.312500E-03,+7.613905907E+00,+6.911487579E+00
+1.230000E-03,+695.312500E-03,+7.633437157E+00,+6.931018829E+00
+1.235000E-03,+695.312500E-03,+7.652968407E+00,+6.946643829E+00
+1.240000E-03,+695.312500E-03,+7.672499657E+00,+6.962268829E+00
+1.245000E-03,+695.312500E-03,+7.682265282E+00,+6.977893829E+00
+1.250000E-03,+695.312500E-03,+7.701796532E+00,+6.997425079E+00
+1.255000E-03,+695.312500E-03,+7.721327782E+00,+7.016956329E+00
+1.260000E-03,+695.312500E-03,+7.740859032E+00,+7.032581329E+00
+1.265000E-03,+695.312500E-03,+7.760390282E+00,+7.052112579E+00
+1.270000E-03,+695.312500E-03,+7.770155907E+00,+7.067737579E+00
+1.275000E-03,+695.312500E-03,+7.789687157E+00,+7.083362579E+00
+1.280000E-03,+699.218750E-03,+7.809218407E+00,+7.102893829E+00
+1.285000E-03,+695.312500E-03,+7.818984032E+00,+7.114612579E+00
+1.290000E-03,+699.218750E-03,+7.838515282E+00,+7.130237579E+00
+1.295000E-03,+695.312500E-03,+7.848280907E+00,+7.145862579E+00
+1.300000E-03,+699.218750E-03,+7.867812157E+00,+7.161487579E+00
+1.305000E-03,+695.312500E-03,+7.877577782E+00,+7.173206329E+00
+1.310000E-03,+699.218750E-03,+7.897109032E+00,+7.192737579E+00
+1.315000E-03,+699.218750E-03,+7.916640282E+00,+7.208362579E+00
+1.320000E-03,+699.218750E-03,+7.926405907E+00,+7.223987579E+00
+1.325000E-03,+699.218750E-03,+7.945937157E+00,+7.243518829E+00
+1.330000E-03,+699.218750E-03,+7.965468407E+00,+7.263050079E+00
+1.335000E-03,+699.218750E-03,+7.984999657E+00,+7.278675079E+00
+1.340000E-03,+699.218750E-03,+8.004530907E+00,+7.298206329E+00
+1.345000E-03,+699.218750E-03,+8.024062157E+00,+7.317737579E+00
+1.350000E-03,+699.218750E-03,+8.043593407E+00,+7.341175079E+00
+1.355000E-03,+699.218750E-03,+8.063124657E+00,+7.360706329E+00
+1.360000E-03,+699.218750E-03,+8.082655907E+00,+7.376331329E+00
+1.365000E-03,+699.218750E-03,+8.102187157E+00,+7.395862579E+00
+1.370000E-03,+699.218750E-03,+8.121718407E+00,+7.415393829E+00
+1.375000E-03,+699.218750E-03,+8.141249657E+00,+7.431018829E+00
+1.380000E-03,+699.218750E-03,+8.151015282E+00,+7.446643829E+00
+1.385000E-03,+699.218750E-03,+8.170546532E+00,+7.458362579E+00
+1.390000E-03,+699.218750E-03,+8.180312157E+00,+7.473987579E+00
+1.395000E-03,+699.218750E-03,+8.199843407E+00,+7.489612579E+00
+1.400000E-03,+699.218750E-03,+8.209609032E+00,+7.501331329E+00
+1.405000E-03,+699.218750E-03,+8.229140282E+00,+7.520862579E+00
+1.410000E-03,+699.218750E-03,+8.248671532E+00,+7.540393829E+00
+1.415000E-03,+699.218750E-03,+8.258437157E+00,+7.552112579E+00
+1.420000E-03,+699.218750E-03,+8.277968407E+00,+7.571643829E+00
+1.425000E-03,+699.218750E-03,+8.297499657E+00,+7.587268829E+00
+1.430000E-03,+699.218750E-03,+8.307265282E+00,+7.602893829E+00
+1.435000E-03,+699.218750E-03,+8.326796532E+00,+7.618518829E+00
+1.440000E-03,+699.218750E-03,+8.346327782E+00,+7.638050079E+00
+1.445000E-03,+703.125000E-03,+8.365859032E+00,+7.653675079E+00
+1.450000E-03,+703.125000E-03,+8.385390282E+00,+7.673206329E+00
+1.455000E-03,+699.218750E-03,+8.404921532E+00,+7.692737579E+00
+1.460000E-03,+703.125000E-03,+8.424452782E+00,+7.712268829E+00
+1.465000E-03,+703.125000E-03,+8.434218407E+00,+7.723987579E+00
+1.470000E-03,+703.125000E-03,+8.453749657E+00,+7.739612579E+00
+1.475000E-03,+703.125000E-03,+8.463515282E+00,+7.751331329E+00
+1.480000E-03,+699.218750E-03,+8.483046532E+00,+7.766956329E+00
+1.485000E-03,+703.125000E-03,+8.492812157E+00,+7.782581329E+00
+1.490000E-03,+703.125000E-03,+8.502577782E+00,+7.798206329E+00
+1.495000E-03,+375.000000E-03,+7.301405907E+00,+6.919300079E+00
+1.500000E-03,-2.140625000E+00,-579.453468E-03,+1.556018829E+00
+1.505000E-03,-2.773437500E+00,-2.405625343E+00,+368.518829E-03
+1.510000E-03,-2.960937500E+00,-2.962265968E+00,-6.481171E-03
+1.515000E-03,-2.949218750E+00,-2.952500343E+00,-10.387421E-03
+1.520000E-03,-2.937500000E+00,-2.952500343E+00,-14.293671E-03
+1.525000E-03,-2.925781250E+00,-2.942734718E+00,-18.199921E-03
+1.530000E-03,-2.914062500E+00,-2.923203468E+00,-18.199921E-03
+1.535000E-03,-2.898437500E+00,-2.913437843E+00,-22.106171E-03
+1.540000E-03,-2.882812500E+00,-2.903672218E+00,-26.012421E-03
+1.545000E-03,-2.871093750E+00,-2.884140968E+00,-22.106171E-03
+1.550000E-03,-2.855468750E+00,-2.874375343E+00,-26.012421E-03
+1.555000E-03,-2.839843750E+00,-2.864609718E+00,-26.012421E-03
+1.560000E-03,-2.824218750E+00,-2.845078468E+00,-22.106171E-03
+1.565000E-03,-2.808593750E+00,-2.825547218E+00,-22.106171E-03
+1.570000E-03,-2.792968750E+00,-2.815781593E+00,-26.012421E-03
+1.575000E-03,-2.777343750E+00,-2.796250343E+00,-29.918671E-03
+1.580000E-03,-2.761718750E+00,-2.786484718E+00,-29.918671E-03
+1.585000E-03,-2.746093750E+00,-2.776719093E+00,-33.824921E-03
+1.590000E-03,-2.730468750E+00,-2.757187843E+00,-29.918671E-03
+1.595000E-03,-2.710937500E+00,-2.737656593E+00,-33.824921E-03
+1.600000E-03,-2.691406250E+00,-2.727890968E+00,-37.731171E-03
+1.605000E-03,-2.675781250E+00,-2.708359718E+00,-37.731171E-03
+1.610000E-03,-2.656250000E+00,-2.688828468E+00,-37.731171E-03
+1.615000E-03,-2.636718750E+00,-2.669297218E+00,-37.731171E-03
+1.620000E-03,-2.621093750E+00,-2.659531593E+00,-37.731171E-03
+1.625000E-03,-2.601562500E+00,-2.640000343E+00,-41.637421E-03
+1.630000E-03,-2.585937500E+00,-2.620469093E+00,-41.637421E-03
+1.635000E-03,-2.566406250E+00,-2.610703468E+00,-45.543671E-03
+1.640000E-03,-2.550781250E+00,-2.591172218E+00,-49.449921E-03
+1.645000E-03,-2.531250000E+00,-2.571640968E+00,-49.449921E-03
+1.650000E-03,-2.511718750E+00,-2.561875343E+00,-49.449921E-03
+1.655000E-03,-2.496093750E+00,-2.542344093E+00,-49.449921E-03
+1.660000E-03,-2.480468750E+00,-2.522812843E+00,-49.449921E-03
+1.665000E-03,-2.460937500E+00,-2.503281593E+00,-49.449921E-03
+1.670000E-03,-2.445312500E+00,-2.493515968E+00,-49.449921E-03
+1.675000E-03,-2.429687500E+00,-2.473984718E+00,-53.356171E-03
+1.680000E-03,-2.410156250E+00,-2.464219093E+00,-53.356171E-03
+1.685000E-03,-2.394531250E+00,-2.444687843E+00,-61.168671E-03
+1.690000E-03,-2.378906250E+00,-2.434922218E+00,-57.262421E-03
+1.695000E-03,-2.363281250E+00,-2.415390968E+00,-61.168671E-03
+1.700000E-03,-2.343750000E+00,-2.395859718E+00,-61.168671E-03
+1.705000E-03,-2.328125000E+00,-2.376328468E+00,-57.262421E-03
+1.710000E-03,-2.312500000E+00,-2.366562843E+00,-57.262421E-03
+1.715000E-03,-2.296875000E+00,-2.347031593E+00,-53.356171E-03
+1.720000E-03,-2.277343750E+00,-2.327500343E+00,-53.356171E-03
+1.725000E-03,-2.261718750E+00,-2.307969093E+00,-49.449921E-03
+1.730000E-03,-2.242187500E+00,-2.288437843E+00,-49.449921E-03
+1.735000E-03,-2.226562500E+00,-2.268906593E+00,-45.543671E-03
+1.740000E-03,-2.207031250E+00,-2.249375343E+00,-45.543671E-03
+1.745000E-03,-2.191406250E+00,-2.229844093E+00,-49.449921E-03
+1.750000E-03,-2.171875000E+00,-2.210312843E+00,-45.543671E-03
+1.755000E-03,-2.156250000E+00,-2.200547218E+00,-45.543671E-03
+1.760000E-03,-2.140625000E+00,-2.181015968E+00,-41.637421E-03
+1.765000E-03,-2.128906250E+00,-2.161484718E+00,-41.637421E-03
+1.770000E-03,-2.113281250E+00,-2.151719093E+00,-41.637421E-03
+1.775000E-03,-2.093750000E+00,-2.132187843E+00,-41.637421E-03
+1.780000E-03,-2.078125000E+00,-2.112656593E+00,-45.543671E-03
+1.785000E-03,-2.062500000E+00,-2.102890968E+00,-45.543671E-03
+1.790000E-03,-2.042968750E+00,-2.083359718E+00,-41.637421E-03
+1.795000E-03,-2.027343750E+00,-2.063828468E+00,-41.637421E-03
+1.800000E-03,-2.011718750E+00,-2.044297218E+00,-37.731171E-03
+1.805000E-03,-2.000000000E+00,-2.034531593E+00,-37.731171E-03
+1.810000E-03,-1.984375000E+00,-2.015000343E+00,-33.824921E-03
+1.815000E-03,-1.968750000E+00,-1.995469093E+00,-33.824921E-03
+1.820000E-03,-1.949218750E+00,-1.985703468E+00,-37.731171E-03
+1.825000E-03,-1.929687500E+00,-1.966172218E+00,-41.637421E-03
+1.830000E-03,-1.914062500E+00,-1.946640968E+00,-41.637421E-03
+1.835000E-03,-1.894531250E+00,-1.927109718E+00,-41.637421E-03
+1.840000E-03,-1.878906250E+00,-1.907578468E+00,-37.731171E-03
+1.845000E-03,-1.863281250E+00,-1.897812843E+00,-37.731171E-03
+1.850000E-03,-1.847656250E+00,-1.878281593E+00,-37.731171E-03
+1.855000E-03,-1.832031250E+00,-1.868515968E+00,-41.637421E-03
+1.860000E-03,-1.816406250E+00,-1.848984718E+00,-41.637421E-03
+1.865000E-03,-1.800781250E+00,-1.839219093E+00,-45.543671E-03
+1.870000E-03,-1.785156250E+00,-1.829453468E+00,-49.449921E-03
+1.875000E-03,-1.769531250E+00,-1.809922218E+00,-49.449921E-03
+1.880000E-03,-1.750000000E+00,-1.790390968E+00,-49.449921E-03
+1.885000E-03,-1.734375000E+00,-1.780625343E+00,-49.449921E-03
+1.890000E-03,-1.718750000E+00,-1.761094093E+00,-45.543671E-03
+1.895000E-03,-1.699218750E+00,-1.741562843E+00,-49.449921E-03
+1.900000E-03,-1.683593750E+00,-1.731797218E+00,-49.449921E-03
+1.905000E-03,-1.664062500E+00,-1.702500343E+00,-49.449921E-03
+1.910000E-03,-1.648437500E+00,-1.692734718E+00,-49.449921E-03
+1.915000E-03,-1.628906250E+00,-1.673203468E+00,-45.543671E-03
+1.920000E-03,-1.613281250E+00,-1.653672218E+00,-45.543671E-03
+1.925000E-03,-1.597656250E+00,-1.634140968E+00,-41.637421E-03
+1.930000E-03,-1.578125000E+00,-1.614609718E+00,-37.731171E-03
+1.935000E-03,-1.566406250E+00,-1.595078468E+00,-33.824921E-03
+1.940000E-03,-1.546875000E+00,-1.575547218E+00,-37.731171E-03
+1.945000E-03,-1.527343750E+00,-1.565781593E+00,-37.731171E-03
+1.950000E-03,-1.511718750E+00,-1.546250343E+00,-41.637421E-03
+1.955000E-03,-1.492187500E+00,-1.526719093E+00,-45.543671E-03
+1.960000E-03,-1.476562500E+00,-1.516953468E+00,-45.543671E-03
+1.965000E-03,-1.460937500E+00,-1.497422218E+00,-45.543671E-03
+1.970000E-03,-1.445312500E+00,-1.487656593E+00,-45.543671E-03
+1.975000E-03,-1.429687500E+00,-1.468125343E+00,-41.637421E-03
+1.980000E-03,-1.414062500E+00,-1.448594093E+00,-41.637421E-03
+1.985000E-03,-1.394531250E+00,-1.429062843E+00,-37.731171E-03
+1.990000E-03,-1.378906250E+00,-1.409531593E+00,-37.731171E-03
+1.995000E-03,-1.363281250E+00,-1.390000343E+00,-33.824921E-03
+2.000000E-03,-1.347656250E+00,-1.380234718E+00,-33.824921E-03
+2.005000E-03,-1.332031250E+00,-1.360703468E+00,-33.824921E-03
+2.010000E-03,-1.316406250E+00,-1.341172218E+00,-33.824921E-03
+2.015000E-03,-1.300781250E+00,-1.321640968E+00,-29.918671E-03
+2.020000E-03,-1.281250000E+00,-1.311875343E+00,-33.824921E-03
+2.025000E-03,-1.261718750E+00,-1.292344093E+00,-29.918671E-03
+2.030000E-03,-1.246093750E+00,-1.272812843E+00,-33.824921E-03
+2.035000E-03,-1.226562500E+00,-1.263047218E+00,-37.731171E-03
+2.040000E-03,-1.210937500E+00,-1.243515968E+00,-41.637421E-03
+2.045000E-03,-1.195312500E+00,-1.223984718E+00,-37.731171E-03
+2.050000E-03,-1.183593750E+00,-1.214219093E+00,-37.731171E-03
+2.055000E-03,-1.164062500E+00,-1.194687843E+00,-37.731171E-03
+2.060000E-03,-1.148437500E+00,-1.184922218E+00,-41.637421E-03
+2.065000E-03,-1.132812500E+00,-1.165390968E+00,-41.637421E-03
+2.070000E-03,-1.113281250E+00,-1.145859718E+00,-41.637421E-03
+2.075000E-03,-1.097656250E+00,-1.136094093E+00,-37.731171E-03
+2.080000E-03,-1.082031250E+00,-1.116562843E+00,-37.731171E-03
+2.085000E-03,-1.062500000E+00,-1.097031593E+00,-37.731171E-03
+2.090000E-03,-1.046875000E+00,-1.077500343E+00,-37.731171E-03
+2.095000E-03,-1.031250000E+00,-1.067734718E+00,-41.637421E-03
+2.100000E-03,-1.011718750E+00,-1.048203468E+00,-41.637421E-03
+2.105000E-03,-996.093750E-03,-1.028672218E+00,-41.637421E-03
+2.110000E-03,-980.468750E-03,-1.018906593E+00,-41.637421E-03
+2.115000E-03,-960.937500E-03,-999.375343E-03,-41.637421E-03
+2.120000E-03,-941.406250E-03,-979.844093E-03,-45.543671E-03
+2.125000E-03,-925.781250E-03,-970.078468E-03,-45.543671E-03
+2.130000E-03,-906.250000E-03,-950.547218E-03,-45.543671E-03
+2.135000E-03,-890.625000E-03,-931.015968E-03,-49.449921E-03
+2.140000E-03,-875.000000E-03,-921.250343E-03,-49.449921E-03
+2.145000E-03,-859.375000E-03,-901.719093E-03,-45.543671E-03
+2.150000E-03,-839.843750E-03,-882.187843E-03,-49.449921E-03
+2.155000E-03,-824.218750E-03,-872.422218E-03,-53.356171E-03
+2.160000E-03,-804.687500E-03,-852.890968E-03,-53.356171E-03
+2.165000E-03,-789.062500E-03,-833.359718E-03,-53.356171E-03
+2.170000E-03,-773.437500E-03,-813.828468E-03,-49.449921E-03
+2.175000E-03,-753.906250E-03,-804.062843E-03,-49.449921E-03
+2.180000E-03,-738.281250E-03,-784.531593E-03,-49.449921E-03
+2.185000E-03,-718.750000E-03,-765.000343E-03,-49.449921E-03
+2.190000E-03,-703.125000E-03,-755.234718E-03,-53.356171E-03
+2.195000E-03,-683.593750E-03,-735.703468E-03,-53.356171E-03
+2.200000E-03,-667.968750E-03,-716.172218E-03,-57.262421E-03
+2.205000E-03,-648.437500E-03,-696.640968E-03,-57.262421E-03
+2.210000E-03,-632.812500E-03,-686.875343E-03,-57.262421E-03
+2.215000E-03,-617.187500E-03,-667.344093E-03,-49.449921E-03
+2.220000E-03,-601.562500E-03,-647.812843E-03,-49.449921E-03
+2.225000E-03,-585.937500E-03,-628.281593E-03,-49.449921E-03
+2.230000E-03,-570.312500E-03,-618.515968E-03,-49.449921E-03
+2.235000E-03,-554.687500E-03,-598.984718E-03,-49.449921E-03
+2.240000E-03,-539.062500E-03,-579.453468E-03,-49.449921E-03
+2.245000E-03,-519.531250E-03,-569.687843E-03,-49.449921E-03
+2.250000E-03,-503.906250E-03,-550.156593E-03,-49.449921E-03
+2.255000E-03,-488.281250E-03,-530.625343E-03,-49.449921E-03
+2.260000E-03,-468.750000E-03,-511.094093E-03,-45.543671E-03
+2.265000E-03,-453.125000E-03,-491.562843E-03,-45.543671E-03
+2.270000E-03,-437.500000E-03,-472.031593E-03,-45.543671E-03
+2.275000E-03,-421.875000E-03,-462.265968E-03,-45.543671E-03
+2.280000E-03,-406.250000E-03,-442.734718E-03,-45.543671E-03
+2.285000E-03,-386.718750E-03,-432.969093E-03,-49.449921E-03
+2.290000E-03,-371.093750E-03,-413.437843E-03,-49.449921E-03
+2.295000E-03,-351.562500E-03,-403.672218E-03,-53.356171E-03
+2.300000E-03,-335.937500E-03,-384.140968E-03,-53.356171E-03
+2.305000E-03,-316.406250E-03,-364.609718E-03,-49.449921E-03
+2.310000E-03,-300.781250E-03,-345.078468E-03,-49.449921E-03
